<application>
  <component name="CosySettings">
    <option name="parameter">
      <ChangeUserSettingParams>
        <option name="allowReportUsage" value="true" />
        <option name="cloud">
          <CloudModelParam>
            <option name="autoTrigger">
              <CloudModelAutoTrigger>
                <option name="enable" value="true" />
                <option name="generateLength" value="level_1" />
                <option name="modelLevel" value="large" />
              </CloudModelAutoTrigger>
            </option>
            <option name="enable" value="true" />
            <option name="manualTrigger">
              <CloudModelManualTrigger>
                <option name="generateLength" value="level_2" />
                <option name="modelLevel" value="large" />
              </CloudModelManualTrigger>
            </option>
          </CloudModelParam>
        </option>
        <option name="local">
          <LocalModelParam>
            <option name="enable" value="false" />
            <option name="inferenceMode" value="auto" />
            <option name="maxCandidateNum" value="3" />
          </LocalModelParam>
        </option>
      </ChangeUserSettingParams>
    </option>
    <option name="recentQueries">
      <map>
        <entry key="algorithm|1110435727955531">
          <value>
            <list>
              <option value="/explain code" />
            </list>
          </value>
        </entry>
        <entry key="myproject|1110435727955531">
          <value>
            <list>
              <option value="怎样关闭大小写提示" />
              <option value="针对以下终端信息，请解释原因并提供修复意见。" />
              <option value="/explain code" />
              <option value="什么是modelandview" />
              <option value="/explain code" />
              <option value="@Override&#10;    public ModelAndView resolveException(javax.servlet.http.HttpServletRequest request, javax.servlet.http.HttpServletResponse response, Object handler, Exception ex) {&#10;        System.out.println(&quot;TestHandler1&quot;);&#10;        return new ModelAndView(&quot;error/500&quot;);&#10;    }&#10;&#10;    @Override&#10;    protected ModelAndView doResolveException(HttpServletRequest request, HttpServletResponse response, Object handler, Exception ex) {&#10;        System.out.println(&quot;TestHandler2&quot;);&#10;        return null;&#10;    }区别" />
              <option value="这两个公开方法和受保护方法区别" />
              <option value="/explain code" />
              <option value="CacheBuilder的以来" />
              <option value="CacheBuilder的依赖" />
              <option value="cache = CacheBuilder.newBuilder().maximumSize(10).build(new CacheLoader&lt;String, String&gt;() {&#10;            @Override&#10;            public String load(String s) throws Exception {&#10;                return &quot;&quot;;&#10;            }&#10;        }); load函数的作用" />
            </list>
          </value>
        </entry>
        <entry key="myproject|1110435727955531|">
          <value>
            <list>
              <option value="针对以下终端信息，请解释原因并提供修复意见。" />
            </list>
          </value>
        </entry>
        <entry key="paicoding-main|1110435727955531">
          <value>
            <list>
              <option value="/explain code" />
            </list>
          </value>
        </entry>
        <entry key="paicoding|1110435727955531">
          <value>
            <list>
              <option value="/explain code" />
              <option value="参数produces的作用" />
              <option value="/explain code" />
              <option value="重写load方法的作用" />
              <option value="/explain code" />
              <option value="consumes和produces是什么" />
              <option value="/explain code" />
              <option value="这两个注解区别" />
            </list>
          </value>
        </entry>
      </map>
    </option>
    <option name="showInlineAcceptTips" value="false" />
  </component>
</application>