<application>
  <component name="CosySettings">
    <option name="dedicatedDomainUrl" value="" />
    <option name="localStoragePath" value="C:\Users\Administrator\.lingma" />
    <option name="parameter">
      <ChangeUserSettingParams>
        <option name="allowReportUsage" value="true" />
        <option name="cloud">
          <CloudModelParam>
            <option name="autoTrigger">
              <CloudModelAutoTrigger>
                <option name="enable" value="true" />
                <option name="generateLength" value="level_1" />
                <option name="modelLevel" value="large" />
              </CloudModelAutoTrigger>
            </option>
            <option name="enable" value="true" />
            <option name="manualTrigger">
              <CloudModelManualTrigger>
                <option name="generateLength" value="level_2" />
                <option name="modelLevel" value="large" />
              </CloudModelManualTrigger>
            </option>
          </CloudModelParam>
        </option>
        <option name="local">
          <LocalModelParam>
            <option name="enable" value="false" />
            <option name="inferenceMode" value="auto" />
            <option name="maxCandidateNum" value="3" />
          </LocalModelParam>
        </option>
      </ChangeUserSettingParams>
    </option>
    <option name="recentQueries">
      <map>
        <entry key="algorithm|1110435727955531">
          <value>
            <list>
              <option value="/explain code" />
              <option value="整数数组能转换成字节流数组吗" />
              <option value="/explain code" />
              <option value="为什么长度小于2的时候追加0" />
              <option value="/explain code" />
              <option value="Arrays.sort(arr, new Comparator&lt;Integer&gt;() {&#10;            @Override&#10;            public int compare(Integer o1, Integer o2) {&#10;                return o1 - o2;&#10;            }&#10;        });这个排序错在哪里" />
              <option value="Arrays.sort(arr, (Comparator&lt;Integer&gt;) (o1, o2) -&gt; Integer.compare(o1, o2));&#10; 错在哪里" />
              <option value="提供一个主动抛出异常的代码" />
              <option value="主动抛出异常必须搭配自动抛出异常吗" />
              <option value="/explain code" />
              <option value="这个确保队列非空是什么意思" />
              <option value="无首任务是什么意思" />
              <option value="仅当关闭里的关闭什么" />
              <option value="/explain code" />
              <option value="为什么首个任务不为null也返回false" />
              <option value="/explain code" />
              <option value="ByteBuffer buffer = ByteBuffer.allocate(1024);&#10;        System.out.println(buffer.limit());&#10;        System.out.println(buffer.position());&#10;        System.out.println(buffer.capacity());&#10;        System.out.println(buffer.mark());&#10;        buffer.put(&quot;遥遥领先&quot;.getBytes());&#10;        System.out.println(buffer.limit());&#10;        System.out.println(buffer.position());&#10;        System.out.println(buffer.capacity());&#10;        System.out.println(buffer.mark());为什么第二次的position变成了12" />
              <option value="buffer.flip();&#10;使用了flip之后的变化" />
              <option value="为什么flip之前limit等于1024" />
            </list>
          </value>
        </entry>
        <entry key="myproject|1110435727955531">
          <value>
            <list>
              <option value="怎样关闭大小写提示" />
              <option value="针对以下终端信息，请解释原因并提供修复意见。" />
              <option value="/explain code" />
              <option value="什么是modelandview" />
              <option value="/explain code" />
              <option value="@Override&#10;    public ModelAndView resolveException(javax.servlet.http.HttpServletRequest request, javax.servlet.http.HttpServletResponse response, Object handler, Exception ex) {&#10;        System.out.println(&quot;TestHandler1&quot;);&#10;        return new ModelAndView(&quot;error/500&quot;);&#10;    }&#10;&#10;    @Override&#10;    protected ModelAndView doResolveException(HttpServletRequest request, HttpServletResponse response, Object handler, Exception ex) {&#10;        System.out.println(&quot;TestHandler2&quot;);&#10;        return null;&#10;    }区别" />
              <option value="这两个公开方法和受保护方法区别" />
              <option value="/explain code" />
              <option value="CacheBuilder的以来" />
              <option value="CacheBuilder的依赖" />
              <option value="cache = CacheBuilder.newBuilder().maximumSize(10).build(new CacheLoader&lt;String, String&gt;() {&#10;            @Override&#10;            public String load(String s) throws Exception {&#10;                return &quot;&quot;;&#10;            }&#10;        }); load函数的作用" />
              <option value="StringUtils的依赖" />
              <option value="import com.github.hui.quick.plugin.base.constants.MediaType;&#10;的依赖" />
              <option value="/explain code" />
              <option value="[WARNING] Failure to transfer com.google.guava:guava/maven-metadata.xml from https://raw.githubusercontent.com/liuyueyi/maven-repository/master/repository was cached in the local repository, resolution will not be reattempted until the update interval of yihui-maven-repo has elapsed or updates are forced. Original error: Could not transfer metadata com.google.guava:guava/maven-metadata.xml from/to yihui-maven-repo (https://raw.githubusercontent.com/liuyueyi/maven-repository/master/repository): raw.githubusercontent.com" />
            </list>
          </value>
        </entry>
        <entry key="myproject|1110435727955531|">
          <value>
            <list>
              <option value="针对以下终端信息，请解释原因并提供修复意见。" />
            </list>
          </value>
        </entry>
        <entry key="paicoding-main|1110435727955531">
          <value>
            <list>
              <option value="/explain code" />
            </list>
          </value>
        </entry>
        <entry key="paicoding|1110435727955531">
          <value>
            <list>
              <option value="参数produces的作用" />
              <option value="/explain code" />
              <option value="重写load方法的作用" />
              <option value="/explain code" />
              <option value="consumes和produces是什么" />
              <option value="/explain code" />
              <option value="这两个注解区别" />
              <option value="文件以ByteArrayInputStream的形式传输，怎么判断文件类型是png还是jpg，代码" />
              <option value="@RequestMapping(path = &quot;upload&quot;)&#10;    public ResVo&lt;ImageVo&gt; upload(HttpServletRequest request) {&#10;        ImageVo imageVo = new ImageVo();&#10;        try这里前端的图片怎么传过来的" />
              <option value="/explain code" />
              <option value="MultipartHttpServletRequest" />
              <option value="MultipartHttpServletRequest请求" />
              <option value="file = ((MultipartHttpServletRequest) request).getFile(&quot;image&quot;);&#10;为什么要转换" />
              <option value="/explain code" />
              <option value="为什么要与 `255` 按位与" />
              <option value="/explain code" />
              <option value="run方法的作用" />
              <option value="@Configuration&#10;@ConditionalOnProperty(value = &quot;rabbitmq.switchFlag&quot;)&#10;@EnableConfigurationProperties(RabbitmqProperties.class)&#10;public class RabbitMqAutoConfig implements ApplicationRunner {&#10;    @Resource&#10;    private RabbitmqService rabbitmqService;&#10;&#10;    @Autowired&#10;    private RabbitmqProperties rabbitmqProperties;&#10;&#10;&#10;    @Override&#10;    public void run(ApplicationArguments args) throws Exception {&#10;        String host = rabbitmqProperties.getHost();&#10;        Integer port = rabbitmqProperties.getPort();&#10;        String userName = rabbitmqProperties.getUsername();&#10;        String password = rabbitmqProperties.getPassport();&#10;        String virtualhost = rabbitmqProperties.getVirtualhost();&#10;        Integer poolSize = rabbitmqProperties.getPoolSize();&#10;        RabbitmqConnectionPool.initRabbitmqConnectionPool(host, port, userName, password, virtualhost, poolSize);&#10;        AsyncUtil.execute(() -&gt; rabbitmqService.processConsumerMsg());&#10;    }&#10;}run方法什么时候执行" />
              <option value="为什么会异步" />
              <option value="/explain code" />
            </list>
          </value>
        </entry>
        <entry key="pmhub-boot|1110435727955531">
          <value>
            <list>
              <option value="@Configuration&#10;public class FlowableListenerConfig implements ApplicationListener&lt;ContextRefreshedEvent&gt; {&#10;&#10;    @Autowired&#10;    private SpringProcessEngineConfiguration configuration;&#10;&#10;    @Autowired&#10;    private GlobalTaskAssigneeListener globalTaskAssigneeListener;&#10;    @Autowired&#10;    private GlobalTaskCompletedListener globalTaskCompletedListener;&#10;    @Autowired&#10;    private GlobalProcessStartedListener globalProcessStartedListener;&#10;    @Autowired&#10;    private GlobalProcessEndListener globalProcessEndListener;&#10;&#10;    @Autowired&#10;    private GlobalProcesstCancelListener globalProcesstCancelListener;&#10;&#10;    @Override&#10;    public void onApplicationEvent(ContextRefreshedEvent event) {&#10;        FlowableEventDispatcher dispatcher = configuration.getEventDispatcher();&#10;        //任务执行人设置全局监听&#10;        dispatcher.addEventListener(globalTaskAssigneeListener, FlowableEngineEventType.TASK_ASSIGNED);&#10;&#10;        //任务结束全局监听&#10;        dispatcher.addEventListener(globalTaskCompletedListener, FlowableEngineEventType.TASK_COMPLETED);&#10;&#10;        //流程开始全局监听&#10;        dispatcher.addEventListener(globalProcessStartedListener, FlowableEngineEventType.PROCESS_STARTED);&#10;&#10;        //流程结束全局监听&#10;        dispatcher.addEventListener(globalProcessEndListener, FlowableEngineEventType.PROCESS_COMPLETED);&#10;&#10;        //流程取消全局监听&#10;        dispatcher.addEventListener(globalProcesstCancelListener, FlowableEngineEventType.PROCESS_CANCELLED);&#10;    }&#10;&#10;}&#10; 这些监听器什么时候会执行" />
              <option value="/explain code" />
              <option value="private ProcessInstance startCommonProcess(ProcessDefinition procDef, String type, String url, Map&lt;String, Object&gt; variables) {&#10;&#10;        // 详情地址&#10;        variables.put(ProcessUtils.TASK_DETAIL_URL_KEY, url);&#10;        // 审批类型 project task 等等&#10;        variables.put(ProcessUtils.APPROVAL_TYPE, type);&#10;        // 直属上级&#10;        queryLeaderId(variables, SecurityUtils.getUserId());&#10;        if (ObjectUtil.isNotNull(procDef) &amp;&amp; procDef.isSuspended()) {&#10;            throw new ServiceException(&quot;流程已被挂起，请先激活流程&quot;);&#10;        }&#10;        // 设置流程发起人Id到流程中&#10;        String userIdStr = TaskUtils.getUserId();&#10;        identityService.setAuthenticatedUserId(userIdStr);&#10;        variables.put(BpmnXMLConstants.ATTRIBUTE_EVENT_START_INITIATOR, userIdStr);&#10;        // 发起流程实例&#10;        return runtimeService.startProcessInstanceById(procDef.getId(), variables);&#10;        // 第一个用户任务为发起人，则自动完成任务&#10;        // wfTaskService.startFirstTask(processInstance, variables);&#10;    }当执行完这个函数的时候，监听器会监听到吗" />
              <option value="runtimeService.startProcessInstanceById执行后是不是监听流程引擎的监听器会监听到" />
              <option value="runtimeservice是干什么的" />
              <option value="@PreAuthorize(&quot;@ss.hasPermi('project:manage:approve')&quot;)&#10;    @PostMapping(&quot;/startProjectApprove/{projectId}/{processDefId}&quot;)&#10;    public AjaxResult startProjectApproveDefId(@PathVariable(value = &quot;projectId&quot;) String projectId, @PathVariable(value = &quot;processDefId&quot;) String processDefId, @RequestParam(&quot;url&quot;) String url, @RequestBody Map&lt;String, Object&gt; variables) {&#10;        processService.startProjectProcessByDefId(projectId, processDefId, url, variables);&#10;        return AjaxResult.success(&quot;流程启动成功&quot;);&#10;    }请求参数" />
              <option value="流程定义id的作用" />
              <option value="/explain code" />
              <option value="ProcessDefinition作用" />
              <option value="RepositoryService干嘛的" />
              <option value="ProcessInstance呢" />
              <option value="private ProcessInstance startCommonProcess(ProcessDefinition procDef, String type, String url, Map&lt;String, Object&gt; variables) {&#10; variables作用" />
              <option value="/explain code" />
              <option value="详情地址和审批类型作用" />
              <option value="IdentityService作用" />
              <option value="/explain code" />
              <option value="@Autowired&#10;    private Map&lt;String, ListenerAbstractExecutor&gt; executorMap; 初始化的时候会自动注入所有监听器，吗" />
              <option value="/explain code" />
              <option value="protected void taskAssigned(FlowableEngineEntityEvent event) {&#10; 什么时候会执行" />
              <option value="/explain code" />
            </list>
          </value>
        </entry>
        <entry key="pmhub-master|1110435727955531">
          <value>
            <list>
              <option value="GlobalFilter, OncePerRequestFilter 区别" />
              <option value="实现global的过滤器对一个请求会处理多次吗" />
              <option value="/explain code" />
              <option value="清楚处理在哪里" />
              <option value="/explain code" />
              <option value="这个连接器和前面的过滤器区别是啥" />
              <option value="一个登录请求，什么时候执行拦截器，什么时候执行过滤器" />
              <option value="/explain code" />
              <option value="userkey干什么的" />
              <option value="/explain code" />
              <option value="ServerHttpRequest.Builder时什么" />
              <option value="ServerHttpRequest.Builder是什么" />
              <option value="GlobalFilter, OncePerRequestFilter 详细区别" />
              <option value="什么时反应式编程" />
              <option value="public class HeaderInterceptor implements AsyncHandlerInterceptor {什么时候会执行" />
              <option value="/explain code" />
              <option value="@Override&#10;    public void addInterceptors(InterceptorRegistry registry)&#10;    {&#10;        registry.addInterceptor(getHeaderInterceptor())&#10;                .addPathPatterns(&quot;/**&quot;)&#10;                .excludePathPatterns(excludeUrls)&#10;                .order(-10);&#10;    }这个添加的拦截器什么时候会执行" />
              <option value="/explain code" />
              <option value="HandlerMethod 干什么的" />
              <option value="/explain code" />
            </list>
          </value>
        </entry>
      </map>
    </option>
    <option name="showInlineAcceptTips" value="false" />
    <option name="showInlineCancelTips" value="false" />
    <option name="upgradeStrategy" value="forbid" />
  </component>
</application>