<application>
  <component name="Trusted.Paths">
    <option name="TRUSTED_PROJECT_PATHS">
      <map>
        <entry key="C:\Users\Administrator\Desktop\烤面筋\代码\myproject" value="true" />
        <entry key="C:\Users\Administrator\Desktop\烤面筋\代码\paicoding" value="true" />
        <entry key="C:\Users\Administrator\Desktop\烤面筋\代码\paicoding-main" value="true" />
        <entry key="C:\Users\Administrator\Desktop\烤面筋\代码\pmhub-boot" value="true" />
        <entry key="C:\Users\Administrator\Desktop\烤面筋\代码\pmhub-master" value="true" />
        <entry key="F:\java\algorithm" value="true" />
      </map>
    </option>
  </component>
  <component name="Trusted.Paths.Settings">
    <option name="TRUSTED_PATHS">
      <list>
        <option value="C:\Users\Administrator\Desktop\烤面筋\代码" />
        <option value="F:\java" />
      </list>
    </option>
  </component>
</application>