<application>
  <component name="DimensionService">
    <size key="GridCell.Tab.0.left.0.0.2560.1440@120dpi" width="2458" height="405" />
    <size key="GridCell.Tab.0.center.0.0.2560.1440@120dpi" width="2458" height="405" />
    <size key="GridCell.Tab.0.right.0.0.2560.1440@120dpi" width="2458" height="405" />
    <size key="GridCell.Tab.0.bottom.0.0.2560.1440@120dpi" width="2458" height="405" />
    <size key="GridCell.Tab.1.left.0.0.2560.1440@120dpi" width="2458" height="187" />
    <size key="GridCell.Tab.1.center.0.0.2560.1440@120dpi" width="2458" height="187" />
    <size key="GridCell.Tab.1.right.0.0.2560.1440@120dpi" width="2458" height="187" />
    <size key="GridCell.Tab.1.bottom.0.0.2560.1440@120dpi" width="2458" height="187" />
    <size key="GridCell.Tab.2.left.0.0.2560.1440@120dpi" width="2458" height="690" />
    <size key="GridCell.Tab.2.center.0.0.2560.1440@120dpi" width="2458" height="690" />
    <size key="GridCell.Tab.2.right.0.0.2560.1440@120dpi" width="2458" height="690" />
    <size key="GridCell.Tab.2.bottom.0.0.2560.1440@120dpi" width="2458" height="690" />
  </component>
  <component name="WindowManager">
    <frame x="-8" y="-8" width="2570" height="1402" extendedState="6" />
  </component>
  <component name="WindowStateApplicationService">
    <state x="1060" y="319" key="FileChooserDialogImpl" timestamp="1724221561648">
      <screen x="0" y="0" width="2560" height="1392" />
    </state>
    <state x="1060" y="319" key="FileChooserDialogImpl/0.0.2560.1392/-1920.0.1920.1032" timestamp="1724221561648" />
  </component>
</application>