<keymap version="1" name="Windows copy" parent="$default">
  <action id="CloseContent">
    <keyboard-shortcut first-keystroke="ctrl w" />
  </action>
  <action id="EditorSelectWord" />
  <action id="SmartSelect" />
  <action id="TableResult.GrowSelection" />
  <action id="TableResult.SelectColumn" />
  <action id="Terminal.CloseTab">
    <keyboard-shortcut first-keystroke="ctrl w" />
  </action>
  <action id="Terminal.DeletePreviousWord" />
  <action id="UsageFiltering.WriteAccess" />
</keymap>