<keymap version="1" name="Windows copy Proper Redo" parent="$default">
  <action id="$Redo">
    <keyboard-shortcut first-keystroke="shift ctrl z" />
    <keyboard-shortcut first-keystroke="shift alt back_space" />
    <keyboard-shortcut first-keystroke="ctrl y" />
  </action>
  <action id="CloseContent">
    <keyboard-shortcut first-keystroke="ctrl w" />
  </action>
  <action id="EditorDeleteLine" />
  <action id="EditorSelectWord" />
  <action id="SmartSelect" />
  <action id="TableResult.GrowSelection" />
  <action id="TableResult.SelectColumn" />
  <action id="Terminal.CloseTab">
    <keyboard-shortcut first-keystroke="ctrl w" />
  </action>
  <action id="Terminal.DeletePreviousWord" />
  <action id="UsageFiltering.WriteAccess" />
</keymap>